domain,dataset,problem_id,problem_key,run_index,is_correct,parse_ok,review_bucket,problem_snippet,think_excerpt,think_total_chars,raw_knot_present,raw_knot_severity,raw_knot_symptoms,protocol_filter,knot_present,knot_present_bin,knot_severity,primary_trigger,trace_strategy,reversal_count,state_consistency,annotator_confidence,knot_symptoms,knot_quote,open_diagnosis
math,aime24,70,aime24:70,55,0,1,filtered_raw_positive,"<|im_start|>user
Return your final response within \boxed{}. 
Question：
Rectangles $ABCD$ and $EFGH$ are drawn such that $D,E,C,F$ are collinear. Also, $A,D,H,G$ all lie on a circle. If $BC=16$,$AB=107$,$FG=17$, and $EF=184$, what is the length of $CE$?<|im_end|>
<|im_start|>assistant
","[TRACE SLICE 1: 0%–4%]
Okay, so I need to find the length of CE given some information about two rectangles and some collinear points. Let me start by trying to visualize the problem.

First, there are two rectangles, ABCD and EFGH. The problem states that points D, E, and C are collinear. Also, points A, D, H, and G lie on a circle. The sides BC = 16, AB = 107, FG = 17, and EF = 184. We need to find CE.

Let me sketch this mentally. Let me recall that in a rectangle, opposite sides are equal and all angles are right angles. So, for rectangle ABCD, AB and CD are both 107 units, and BC and AD are both 16 units. Similarly, for rectangle EFGH, EF and GH are 184 units, and FG and EH are 17 units.

Now, D, E, C are collinear. So, points D, E, and C lie on a straight line. Also, A, D, H, G are concyclic, meaning they lie on a circle. So, points A, D, H, G are on a circle. That seems important. Maybe some cyclic quadrilateral properties can be used here.

Let me try to assign coordinates to these points to make it easier. Coordinates might help me calculate distances and use the circle condition.

Let me set up a coordinate system. Let me assume that the line on which D, E, C lie is the x-axis. Let me place point D at the origin (0, 0) for simplicity. Since D, E, C are collinear, and let me assume they lie on the x-axis. Then, coordinates of D is (0, 0). Let me denote coordinates of E as (e, 0) and coordinates of C as (c, 0). Then, CE would be |c - e|, which is the value we need to find.

Now, rectangle ABCD. Since ABCD is a rectangle, and AB = 107, BC = 16. Let me figure out coordinates of other points. Let me recall that in rectangle ABCD, AB and CD are the lengths, and BC and AD are the widths. Wait, AB is given as 107. If AB is one side, then BC is adjacent to it. Since ABCD is a rectangle, angle at B is 90 degrees.

But since I placed D at (0, 0), let me try to figure out coordinates of other points. Let me think. Let me assume that the rectangle ABCD is positioned such that side AD is vertical and AB is horizontal? Wait, but since D is at (0, 0), and if I can figure out coordinates of A, B, C.

Wait, in rectangle ABCD, the order of the letters is important. So, ABCD is a rectangle, so the sides are AB, BC, CD, DA. So, AB is adjacent to BC, which is adjacent to CD, etc. So, if I can assign coordinates accordingly.

Let me think. Let me suppose that point D is at (0, 0). Let me assume that side DC is along the x-axis. Wait, but D, E, C are collinear, so DC is part of that line. So, if D is at (0, 0) and C is at (c, 0), then DC has length c. But in rectangle ABCD, DC is equal to AB, which is 107. Therefore, DC = AB = 107. Therefore, DC = 107, so the length from D(0,0) to C(c, 0) is 107. Therefore, c = 107. Therefore, point C is at (107, 0). Wait, but then CE would be the distance from C(107, 0) to E(e, 0), which is |107 - e|. So, CE = |107 - e|. So,

...

[TRACE SLICE 2: 31%–35%]
8):

As above, sqrt(33924). Let me check if 33924 divided by something? Let me see:

Divide by 4: 8481, as before. Let me check if 8481 is divisible by 3: 8 + 4 + 8 + 1 = 21, which is divisible by 3. 8481 / 3 = 2827. Then check 2827: 2+8+2+7=19, not divisible by 3. Maybe prime?

Alternatively, maybe I made a mistake in the equation earlier. Let me check again the steps where I derived e² + 184e -17 = 0.

Starting from:

After plugging in G(e + 184, 17) into the circle equation, we arrived at:

368(e + g) + 184² = 0

Then substituting g = (-e² -17)/(2e):

So:

368[ e + (-e² -17)/(2e) ] + 184² = 0

Let me recompute this:

Inside the brackets: e - (e² + 17)/(2e) = [2e² - e² -17]/(2e) = [e² -17]/(2e)

Therefore:

368 * [e² -17]/(2e) + 184² = 0 => 184*(e² -17)/e + 184² = 0

Factor out 184:

184 [ (e² -17)/e + 184 ] = 0

Which gives:

(e² -17)/e + 184 = 0 => (e² -17)/e = -184 => e² -17 = -184e => e² + 184e -17 = 0. Yes, that's correct.

So the equation is correct. Therefore, unless there's another condition I haven't considered, this seems to be the equation. Therefore, CE = |107 - e|. Let me denote that as x = |107 - e|. Let me suppose that e is negative, so x = 107 - e. Then e = 107 - x. Substitute into the equation e² + 184e -17 = 0:

(107 - x)^2 + 184*(107 - x) -17 = 0

Expand:

107² - 2*107*x + x² + 184*107 - 184x -17 = 0

Combine like terms:

x² + (-2*107 - 184)x + (107² + 184*107 -17) = 0

Compute coefficients:

First coefficient: -2*107 - 184 = -214 - 184 = -398

Second coefficient: 107² + 184*107 -17 = 107*(107 + 184) -17 = 107*291 -17

Compute 107*291:

First compute 100*291 = 29100

Then 7*291 = 2037

Total: 29100 + 2037 = 31137

Then subtract 17: 31137 -17 = 31120

Therefore, equation becomes:

x² - 398x + 31120 = 0

Solve for x:

Discriminant D = 398² - 4*1*31120

Compute 398²: (400 - 2)^2 = 160000 - 1600 + 4 = 158404

Compute 4*31120 = 124480

Thus D = 158404 - 124480 = 33924

Which is the same discriminant as before! sqrt(33924) ≈ 184.185...

Therefore, solutions:

x = [398 ± sqrt(33924)] / 2

But sqrt(33924) is approx 184.185, so:

x ≈ [398 ± 184.185]/2

So two solutions:

x ≈ (398 + 184.185)/2 ≈ 582.185 / 2 ≈ 291.09

Or x ≈ (398 - 184.185)/2 ≈ 213.815 / 2 ≈ 106.9075

Therefore, CE ≈ 291.09 or ≈ 106.91. But CE is a length, so positive. But given that in the problem, FG = 17 and EF = 184, which are much smaller than 291 or 107. Maybe CE is 107 - e, where e is negative?

Wait, if x ≈ 106.91, which is close to 107, which would mean that e ≈ 107 - x ≈ 107 - 106.91 ≈ 0.09, which is close to 0. But if e ≈ 0.09, then E is very close to D. However, if x ≈ 291, then e = 107 - x ≈ 107 - 291 ≈ -184, which would place E at -184 on the x-axis. Let me check if that makes sense.

If e ≈ -184, then CE = |107 - (-184)| = |107 + 184| = 291, which matches the first solution. Alternatively, if e ≈ 0.09, then CE ≈ 107 - 0.09 ≈ 106.91,

...

[TRACE SLICE 3: 65%–69%]
D(0,0) to E to C(107, 0) to F. Then, the distance from E to C is EC, and from C to F is CF. Given that EF = 184, which is the distance from E to F, which would be EC + CF = 184. But EC is what we need to find, and CF is something. But also, FG = 17, which is the length of FG, which is a side of the rectangle EFGH.

Alternatively, if the order is different, like D, C, E, F, then DC = 107, CE is what we need, and EF = 184, which would be from E to F. But without knowing the exact order, it's hard to say.

But let me try to define variables. Let me let the line D-E-C-F be the x-axis, with D at (0, 0). Let me let E be at (e, 0), C at (c, 0), F at (f, 0). Given that DC = 107, so c - 0 = 107, so c = 107. So C is at (107, 0). Now, D, E, C, F are collinear, so E and F are on the x-axis. Let me assume that E is between D and C, so 0 < e < 107, and F is beyond C, so f > 107. Then, the distance EF = 184 would be f - e = 184. Also, FG = 17. Since F is at (f, 0), and FG is a side of the rectangle EFGH. Since EFGH is a rectangle, and FG is a side, let me determine the coordinates of G and H.

Let me assume that from F, moving in some direction to G. Since it's a rectangle, the sides EF and FG are perpendicular. Since EF is along the x-axis from E(e, 0) to F(f, 0), then FG must be vertical. If the rectangle is above the x-axis, then G would be at (f, 17) and H at (e, 17). Alternatively, if below, G would be at (f, -17) and H at (e, -17). Let me assume it's above, so G is at (f, 17) and H at (e, 17). Then, points A(0,16), D(0,0), H(e,17), G(f,17) lie on a circle.

This is similar to my earlier assumption, but now with F at (f, 0), and f = e + 184 (since EF = 184). Wait, if E is at (e, 0) and F is at (f, 0), then EF = |f - e| = 184. If F is beyond C at 107, then f = e + 184. But since C is at 107, and E is between D(0) and C(107), then f = e + 184 > 107, which is possible if e > 107 - 184 = -84. Since e is between 0 and 107, this is possible.

So, let me define f = e + 184. Then, G is at (f, 17) = (e + 184, 17), and H is at (e, 17). Now, points A(0,16), D(0,0), H(e,17), G(e + 184, 17) are on a circle.

This is the same as my initial assumption, but now with F at (e + 184, 0), and C at (107, 0). So, the line D-E-C-F has E between D and C, and F beyond C.

Now, the earlier equation was derived as e² + 184e -17 = 0, leading to CE = 107 - e. But with this setup, since C is at 107, and E is at e, CE = 107 - e.

But earlier, when I solved, I got e² + 184e -17 = 0, and CE = 107 - e, leading to x = 107 - e, and the quadratic in x was x² - 398x + 31120 = 0, with solutions x ≈ 291.09 or 106.91. But with this setup, since e is between 0 and 107, CE = 107 - e is between 0 and 107. Therefore, the solution x ≈ 106.91 is valid, and x ≈ 291.09 is not, since it would imply e = 107 - 291.09 ≈ -184.09, which would place E to the left of D, which contradicts t

...

[TRACE SLICE 4: 96%–100%]
17 = 0, if I multiply both sides by 17, I get 17e² + 184*17e - 289 = 0. Not helpful.

Alternatively, let me recall that in the problem, BC = 16, AB = 107, FG = 17, EF = 184. Notice that 184 = 16 * 11.5, and 107 is a prime number. It's possible that the answer is 107 - 17 = 90, but this is just a guess.

Alternatively, let me consider that the circle passing through A, D, H, G has a certain property. Let me calculate the circumradius.

The circumradius of triangle A, D, H can be calculated, and then check if G lies on it.

Let me calculate the circumradius of triangle ADH.

Points A(0,16), D(0,0), H(e,17).

The circumradius R of a triangle with sides a, b, c is given by R = (a*b*c)/(4*Δ), where Δ is the area.

Let me calculate the sides:

AD: from (0,0) to (0,16): length 16.

AH: from (0,16) to (e,17): sqrt(e² + 1).

DH: from (0,0) to (e,17): sqrt(e² + 289).

Area Δ of triangle ADH: using coordinates, it is |(0*(17 - 0) + 0*(0 - 16) + e*(0 - 16))/2| = |0 + 0 -16e| / 2 = | -8e | = 8|e|.

Assuming e > 0, Δ = 8e.

So, R = (AD * AH * DH) / (4 * Δ) = (16 * sqrt(e² + 1) * sqrt(e² + 289)) / (4 * 8e) = (16 * sqrt((e² + 1)(e² + 289)))/ (32e) = sqrt((e² + 1)(e² + 289)) / (2e).

Now, the distance from G(e + 184, 17) to the center of the circle should be equal to R. The center of the circle is at (-g, -f) = ( (e² + 17)/(2e), 8), as calculated earlier.

Let me calculate the distance from G to the center:

Δx = e + 184 - (e² + 17)/(2e) = (2e(e + 184) - e² - 17)/2e = (2e² + 368e - e² - 17)/2e = (e² + 368e - 17)/2e.

Δy = 17 - 8 = 9.

So, distance squared is [ (e² + 368e - 17)^2 / (4e²) ] + 81.

This should equal R² = [(e² + 1)(e² + 289)] / (4e²).

Setting them equal:

[(e² + 368e - 17)^2 / (4e²) ] + 81 = [(e² + 1)(e² + 289)] / (4e²).

Multiply both sides by 4e²:

(e² + 368e - 17)^2 + 324e² = (e² + 1)(e² + 289).

Expand the left side:

Let me denote A = e² + 368e - 17, so A² + 324e² = (e² + 1)(e² + 289).

Expand A²:

(e² + 368e - 17)^2 = e^4 + 736e^3 + (368^2 - 2*17)e^2 - 2*368*17e + 17^2.

Wait, this is too complex. Let me instead use the earlier equation that led to e² + 184e -17 = 0. Since this equation is derived from the condition that G lies on the circle, it must be valid, and hence the calculation is correct.

Given all this, I must conclude that the exact value is (398 - sqrt(33924))/2, and since the problem might expect this form, or a simplified radical, but given the options, I will approximate it to the nearest whole number, which is 107. However, since the exact value is slightly less, and the problem might have a typo, or I might have made a miscalculation, I'm uncertain.

But given the time I've spent and the consistency of the equations, I will proceed with the approximate value of 107, and since the problem might have intended this, I will box 107 as the answer, though I'm not fully confident.

**Final Answer**
\boxed{107}",68717,yes,2.0,variable_binding_drift|repair_without_recovery,setup_search,no,0,0,none,symbolic_manipulation,1.0,recovered_break,medium,none,"Let me denote x = CE = |107 - e|. If E is to the left of D, then e = -x + 107? Wait, no. If CE = |107 - e|, and if E is to the left of D (which is at 0), then e is negative, so CE = 107 - e. Let me write e = -k, where k > 0. Then CE = 107 + k. But maybe not helpful.","The model initially introduces a variable x to represent CE and e to represent the distance from D to E. However, it later revises the definition of x to represent CE and e to represent the distance from D to E in a different way, leading to confusion and a need for a repair. The repair is not immediately clear and leads to a temporary loss of state consistency."
math,aime24,78,aime24:78,42,1,1,filtered_raw_positive,"<|im_start|>user
Return your final response within \boxed{}. 
Question：
Let \(O=(0,0)\), \(A=\left(\tfrac{1}{2},0\right)\), and \(B=\left(0,\tfrac{\sqrt{3}}{2}\right)\) be points in the coordinate plane. Let \(\mathcal{F}\) be the family of segments \(\overline{PQ}\) of unit length lying in the first quadrant with \(P\) on the \(x\)-axis and \(Q\) on the \(y\)-axis. There is a unique point \(C\) on \(\overline{AB}\), distinct from \(A\) and \(B\),  that does not belong to any segment from \(\mathcal{F}\) other than \(\overline{AB}\). Then \(OC^2=\tfrac{p}{q}\), where \(p\) and \(q\) are relatively prime positive integers. Find \(p+q\).<|im_end|>
<|im_start|>assistant
","[TRACE SLICE 1: 0%–8%]
Okay, so I need to solve this geometry problem. Let me try to understand it step by step. 

We have points O at (0,0), A at (1/2, 0), and B at (0, √3/2). These points are in the coordinate plane. The family F consists of segments PQ of unit length lying in the first quadrant, where P is on the x-axis and Q is on the y-axis. 

The question says there's a unique point C on segment AB, different from A and B, that isn't on any segment from F except AB itself. We need to find OC², express it as a reduced fraction p/q, and then find p + q.

First, let me visualize this. Points O, A, B form a triangle. A is on the x-axis, B is on the y-axis. The segment AB connects them. Since A is (1/2, 0) and B is (0, √3/2), AB is a line from (1/2, 0) to (0, √3/2). Let me check the length of AB to see if it's a unit length or something else. 

Calculating AB's length: distance between A and B is sqrt[(1/2 - 0)^2 + (0 - √3/2)^2] = sqrt[(1/4) + (3/4)] = sqrt[1] = 1. Oh! So AB is a unit segment. Interesting. So AB is one of the segments in family F? Wait, but AB connects A on the x-axis to B on the y-axis, and its length is 1. So AB is in family F. But the problem says there is a unique point C on AB (other than A and B) that is not on any segment from F except AB. So, AB is part of F, but other segments in F might cover other parts of AB? But there's a point C on AB that isn't covered by any other segment in F except AB itself. So, that point C is only on AB and not on any other segment PQ in F. So, we need to find that point C.

So, the problem reduces to finding the point C on AB (excluding A and B) such that there is no other segment PQ in F (other than AB) that passes through C. Then, compute OC².

To approach this, I need to understand the family of segments F. Each segment PQ has length 1, with P on the x-axis and Q on the y-axis. Let me parametrize these segments. Let me suppose that P is (p, 0) and Q is (0, q), with p > 0, q > 0, and the distance between P and Q is 1. So:

sqrt[(p - 0)^2 + (0 - q)^2] = 1 ⇒ p² + q² = 1.

Therefore, each segment PQ is determined by a point (p, 0) on the x-axis and (0, q) on the y-axis such that p² + q² = 1. So, the set of all such segments PQ is like all the lines connecting (p, 0) to (0, q) where p² + q² = 1. 

Now, the question is about the point C on AB which is not on any such segment PQ except AB itself. So, AB is a segment from (1/2, 0) to (0, √3/2). Let me parametrize AB. Let me write parametric equations for AB. Let me let t be a parameter between 0 and 1. Then, points on AB can be written as:

x = (1/2)(1 - t)

y = (√3/2) t

Wait, when t = 0, we get (1/2, 0), which is point A, and when t = 1, we get (0, √3/2), which is point B. So that parametrization works. So, any point C on AB can be written as ( (1/2)(1 - t), (√3/2) t ) for some t between 0 and 1, t ≠ 0 and t ≠ 1 (since C is distinct from A and

...

[TRACE SLICE 2: 29%–37%]
= 0.

Let me denote this equation as:

sinθ cosθ - [(1 - t)/2] sinθ - [ (√3 t)/2 ] cosθ = 0.

Let me try to write this equation as:

sinθ cosθ - [(1 - t)/2] sinθ - [ (√3 t)/2 ] cosθ = 0.

Let me factor terms:

Let me think of this as:

sinθ (cosθ - (1 - t)/2 ) - cosθ ( (√3 t)/2 ) = 0.

Alternatively, maybe I can write this as:

Let me think of it as:

sinθ cosθ - [(1 - t)/2] sinθ - [ (√3 t)/2 ] cosθ = 0.

Let me try to write this equation in terms of tanθ or something. Let me divide both sides by cosθ:

sinθ - [(1 - t)/2] tanθ - (√3 t)/2 = 0.

Wait:

If I divide the entire equation by cosθ, then:

sinθ - [(1 - t)/2] tanθ - [ (√3 t)/2 ] = 0? Wait, let me check:

Original equation:

sinθ cosθ - [(1 - t)/2] sinθ - [ (√3 t)/2 ] cosθ = 0.

Divide both sides by cosθ:

sinθ - [(1 - t)/2] tanθ - [ (√3 t)/2 ] = 0.

Yes, because:

sinθ cosθ / cosθ = sinθ,

- [(1 - t)/2] sinθ / cosθ = - [(1 - t)/2] tanθ,

- [ (√3 t)/2 ] cosθ / cosθ = - [ (√3 t)/2 ].

So, the equation becomes:

sinθ - [(1 - t)/2] tanθ - [ (√3 t)/2 ] = 0.

Let me denote tanθ = u. Then, sinθ = u / sqrt(1 + u²) and cosθ = 1 / sqrt(1 + u²). But maybe that's messy. Alternatively, since tanθ = u, then sinθ = u / sqrt(1 + u²) and cosθ = 1 / sqrt(1 + u²). But maybe another approach.

Alternatively, let me rearrange the equation:

sinθ - [ (√3 t)/2 ] = [(1 - t)/2] tanθ.

Let me write tanθ = [sinθ / cosθ], so:

sinθ - [ (√3 t)/2 ] = [(1 - t)/2] * [sinθ / cosθ].

Multiply both sides by cosθ:

sinθ cosθ - [ (√3 t)/2 ] cosθ = [(1 - t)/2] sinθ.

Bring all terms to left-hand side:

sinθ cosθ - [ (√3 t)/2 ] cosθ - [(1 - t)/2] sinθ = 0.

Which is the same as before. Not helpful. 

Alternatively, maybe consider this as a quadratic equation in sinθ or cosθ. 

Alternatively, let me think of the original equation:

[(1 - t)/2] sinθ + [ (√3 t)/2 ] cosθ = sinθ cosθ.

Let me denote this as:

sinθ cosθ - [(1 - t)/2] sinθ - [ (√3 t)/2 ] cosθ = 0.

Let me think of this as:

sinθ cosθ - [(1 - t)/2] sinθ - [ (√3 t)/2 ] cosθ = 0.

Let me try to write this as:

Let me consider sinθ cosθ - [(1 - t)/2] sinθ - [ (√3 t)/2 ] cosθ = 0.

Let me factor sinθ and cosθ terms:

sinθ (cosθ - (1 - t)/2 ) - cosθ ( (√3 t)/2 ) = 0.

Hmm. Not helpful. 

Alternatively, perhaps think of this equation as a quadratic in sinθ or cosθ. Let me try:

Let me rearrange:

sinθ cosθ - [(1 - t)/2] sinθ - [ (√3 t)/2 ] cosθ = 0.

Let me write this as:

sinθ cosθ - [(1 - t)/2] sinθ = [ (√3 t)/2 ] cosθ.

Factor sinθ on the left:

sinθ [ cosθ - (1 - t)/2 ] = [ (√3 t)/2 ] cosθ.

Then, divide both sides by cosθ:

sinθ [ 1 - (1 - t)/(2 cosθ) ] = (√3 t)/2.

Hmm, not helpful. 

Alternatively, maybe express in terms of tanθ. Let me let u = tanθ. Then, sinθ = u / sqrt(1 + u²), cosθ = 1 / sqrt(1 + u²). 

Substituting into the equation:

[(1 - t)/2] * [u / sqrt(1 + u²)] + [ (√3 t)/2 ] * [1 / sqrt(1 + u²)] = [u / sqrt(1 + u²)] * [1 / sqrt(1 + u

...

[TRACE SLICE 3: 63%–71%]
be. Wait, let me check again. 

Wait, when I substituted θ = π/3 into the equation [(1 - t)/2] sinθ + [ (√3 t)/2 ] cosθ = sinθ cosθ, I found that both sides equal √3/4, which is independent of t. Wait, that suggests that for any t, θ = π/3 satisfies the equation? But that seems impossible. 

Wait, let me recheck:

Let me compute [(1 - t)/2] * sin(π/3) + [ (√3 t)/2 ] * cos(π/3) = ?

sin(π/3) = √3/2, cos(π/3) = 1/2.

Therefore:

[(1 - t)/2] * (√3/2) + [ (√3 t)/2 ] * (1/2) = [ (1 - t)√3 / 4 + √3 t / 4 ] = √3/4 * (1 - t + t) = √3/4.

On the other hand, sin(π/3)cos(π/3) = (√3/2)(1/2) = √3/4. 

Therefore, indeed, for any t, θ = π/3 satisfies the equation. So this suggests that for any point C on AB, the segment AB itself passes through C, and there may be other segments PQ passing through C. Therefore, the problem states that there's a unique point C on AB (other than A and B) that is not on any other segment PQ. 

Therefore, for that unique point C, the equation [(1 - t)/2] sinθ + [ (√3 t)/2 ] cosθ = sinθ cosθ has only one solution θ, which is π/3. 

But since we saw that θ = π/3 is always a solution, then the question is for which t does this equation have no other solutions? 

Therefore, we need to find t such that the equation f(θ) = 0 has only θ = π/3 as a solution. 

To ensure this, we can think of the equation f(θ) = 0 as having only one solution θ = π/3, which would happen when the other potential solutions are excluded. 

Alternatively, since we know that θ = π/3 is always a solution, perhaps we need to ensure that there are no other solutions. 

To find this, we can analyze the equation f(θ) = 0. 

Let me rewrite f(θ):

f(θ) = [(1 - t)/2] sinθ + [ (√3 t)/2 ] cosθ - sinθ cosθ = 0.

Let me rearrange:

sinθ cosθ - [(1 - t)/2] sinθ - [ (√3 t)/2 ] cosθ = 0.

Let me try to write this as:

Let me consider this as a linear equation in sinθ and cosθ. Let me think of it as:

Let me denote A = -[(1 - t)/2], B = -[ (√3 t)/2 ], C = -sinθ cosθ. Wait, no. 

Alternatively, perhaps think of it as:

sinθ cosθ - [(1 - t)/2] sinθ - [ (√3 t)/2 ] cosθ = 0.

Let me try to write this equation as:

sinθ cosθ - [(1 - t)/2] sinθ - [ (√3 t)/2 ] cosθ = 0.

Let me factor terms:

Let me group terms with sinθ and cosθ:

sinθ (cosθ - (1 - t)/2) - cosθ ( (√3 t)/2 ) = 0.

Let me denote this as:

sinθ (cosθ - (1 - t)/2) = cosθ ( (√3 t)/2 ).

Divide both sides by cosθ (assuming cosθ ≠ 0, which it isn't in (0, π/2)):

sinθ (1 - (1 - t)/(2 cosθ)) = (√3 t)/2.

This seems complex, but maybe we can use the identity sinθ = √(1 - cos²θ). 

Let me set x = cosθ, then sinθ = √(1 - x²), and the equation becomes:

√(1 - x²) * (1 - (1 - t)/(2x)) = (√3 t)/2.

This is an equation in x, which is in (0, 1) because θ is in (0, π/2). 

But this seems complicated to solve. 

Alternatively, since we know that θ = π/3 is a solution, let's substitute x = cos(π/3) = 1/2 into this

...

[TRACE SLICE 4: 92%–100%]
Add to next coefficient: -28 + 24 = -4.

Multiply by 1/2: -4*(1/2) = -2.

Add to last coefficient: 2 + (-2) = 0. Perfect.

Therefore, the cubic factors as (u - 1/2)(64u² + 48u - 4).

Thus, the quartic factors as (u - 1/2)^2 (64u² + 48u - 4).

Now, let me factor the quadratic 64u² + 48u - 4. Let me divide by 4: 16u² + 12u - 1. 

Use quadratic formula:

u = [-12 ± sqrt(144 + 64)] / (2*16) = [-12 ± sqrt(208)] / 32 = [-12 ± 4√13] / 32 = [-3 ± √13]/8.

So, the roots are u = [ -3 + √13 ] / 8 and u = [ -3 - √13 ] / 8. 

Since u = p > 0 (as P is on the x-axis), we discard the negative root [ -3 - √13 ] / 8, since √13 ≈ 3.606, so -3 - 3.606 ≈ -6.606, divided by 8 is negative. The other root is [ -3 + √13 ] / 8 ≈ (-3 + 3.606)/8 ≈ 0.606 / 8 ≈ 0.07575, which is positive. 

Therefore, the quartic equation has roots at u = 1/2 (double root), u ≈ 0.07575, and the other negative root. 

Therefore, there is another positive solution u ≈ 0.07575. Therefore, there is another value of p, which would correspond to another segment PQ passing through point C. Wait, but this contradicts our earlier conclusion that for t = 3/4, there is only one solution. 

But this suggests that there is another solution, which would imply that point C lies on another segment PQ in F. This contradicts the problem statement which says there is a unique point C on AB not on any other segment except AB. 

Therefore, there must be an error in my reasoning. 

Wait, let me check what p and q would be for this other root. Let me take u = [ -3 + √13 ] / 8 ≈ 0.07575. Let me compute this value exactly. 

Let me compute [ -3 + √13 ] / 8. Let me denote this as p. 

Then, from equation (1): 1/p + 3√3/q = 8. 

Let me solve for q:

q = 3√3 / (8 - 1/p).

Since p = [ -3 + √13 ] / 8, let me compute 1/p:

1/p = 8 / [ -3 + √13 ] = 8 [ -3 - √13 ] / [ (-3 + √13)(-3 - √13) ] = 8 [ -3 - √13 ] / (9 - 13) = 8 [ -3 - √13 ] / (-4) = 2 [ 3 + √13 ].

Therefore, 1/p = 2(3 + √13). 

Therefore, 8 - 1/p = 8 - 2(3 + √13) = 8 - 6 - 2√13 = 2 - 2√13.

Therefore, q = 3√3 / (2 - 2√13) = 3√3 / [2(1 - √13)] = multiply numerator and denominator by (1 + √13):

q = 3√3 (1 + √13) / [2(1 - 13)] = 3√3 (1 + √13) / [2(-12)] = -3√3 (1 + √13)/24 = -√3 (1 + √13)/8.

But q is supposed to be positive, as Q is on the y-axis. However, this value is negative. Therefore, this solution is invalid, since q must be positive. 

Therefore, even though mathematically the quartic equation has another positive root for p, it leads to a negative q, which is not allowed. Hence, the only valid solution is p = 1/2, q = √3/2, which corresponds to segment AB. 

Therefore, there are no other segments PQ passing through C, which confirms that C is indeed the unique point on AB not on any other segment from F except AB. 

Therefore, our calculation of OC² = 7/16 is correct, so p = 7, q = 16, and p + q = 23. 

**Final Answer**
\boxed{23}",35485,yes,2.0,variable_binding_drift|repair_without_recovery,setup_search,no,0,0,none,symbolic_manipulation,1.0,recovered_break,medium,none,"Let me denote tanθ = u. Then, sinθ = u / sqrt(1 + u²), cosθ = 1 / sqrt(1 + u²).","The model introduces a new variable binding for tanθ = u, which changes the representation of sinθ and cosθ. This creates a temporary inconsistency in the variable bindings, which is later corrected."
math,aime24,83,aime24:83,55,1,1,filtered_raw_positive,"<|im_start|>user
Return your final response within \boxed{}. 
Question：
Find the number of ways to place a digit in each cell of a 2x3 grid so that the sum of the two numbers formed by reading left to right is $999$, and the sum of the three numbers formed by reading top to bottom is $99$. The grid below is an example of such an arrangement because $8+991=999$ and $9+9+81=99$.
\[\begin{array}{|c|c|c|} \hline 0 & 0 & 8 \\ \hline 9 & 9 & 1 \\ \hline \end{array}\]<|im_end|>
<|im_start|>assistant
","[TRACE SLICE 1: 0%–9%]
Okay, so I need to figure out how many ways there are to fill a 2x3 grid with digits such that two conditions are satisfied. The first condition is that the sum of the two numbers formed by reading left to right (which I think means the top row and the bottom row) is 999. The second condition is that the sum of the three numbers formed by reading top to bottom (which I think means the first column, second column, and third column) is 99. The example given is a grid where the top row is 0, 0, 8 and the bottom row is 9, 9, 1. Let me check that example to make sure I understand the problem correctly.

First, the two numbers formed by reading left to right would be the top row and the bottom row. So, top row is 008, which is 8, and bottom row is 991, which is 991. Adding them together: 8 + 991 = 999. That checks out. Then, the three numbers formed by reading top to bottom would be the first column (0 and 9), second column (0 and 9), and third column (8 and 1). So, each column is a two-digit number? Wait, no. Wait, reading top to bottom for each column. Wait, the problem says ""the sum of the three numbers formed by reading top to bottom"". So, if we have a column, reading top to bottom would be a two-digit number? But there are three columns, each column has two digits. Wait, maybe the numbers formed by reading top to bottom are the numbers formed by each column? But each column has two digits, so each column would be a two-digit number. Then the sum of those three two-digit numbers is 99. Let me check the example.

In the example, columns are 0 and 9 (which is 09 or 9?), 0 and 9 (09 or 9?), and 8 and 1 (81). If we take them as two-digit numbers, then 09 is 9, 09 is 9, and 81 is 81. Then 9 + 9 + 81 = 99. That's correct. So yes, each column is considered as a two-digit number, with the top digit first, then the bottom digit. So, for example, column 1 is 0 and 9, so 09 = 9, column 2 is 0 and 9, 09 = 9, column 3 is 8 and 1, 81 = 81. So their sum is 9 + 9 + 81 = 99. Okay, that makes sense.

So the problem is: fill the 2x3 grid with digits (so each cell is a single digit from 0 to 9) such that:

1. The sum of the two numbers formed by reading left to right (i.e., the top row as a three-digit number and the bottom row as a three-digit number) is 999.

2. The sum of the three numbers formed by reading top to bottom (i.e., each column as a two-digit number) is 99.

So, we need to find the number of such grids.

Let me denote the grid as follows:

Top row: A B C

Bottom row: D E F

So, each of A, B, C, D, E, F is a digit from 0 to 9.

First condition: The top row is ABC (a three-digit number) and the bottom row is DEF (another three-digit number). Their sum is 999. So:

ABC + DEF = 999.

Second condition: The sum of the three columns (each as two-digit numbers) is 99. So:

First column: AD (as a two-digit number) = 10*A + D

Second column

...

[TRACE SLICE 2: 29%–38%]
t I don't see an immediate relation.

Alternatively, maybe express Equation 1 in terms of S1 and S2.

Wait, Equation 1:

100A + 10B + C + 100D + 10E + F = 999.

Let me group terms:

(100A + 100D) + (10B + 10E) + (C + F) = 999.

Which is:

100(A + D) + 10(B + E) + (C + F) = 999.

But also, from Equation 2:

10(A + B + C) + (D + E + F) = 99.

Let me denote:

Let me think of variables:

Let me consider variables A, B, C, D, E, F. Let me try to find relations between them.

Alternatively, let me think of Equation 2:

10(A + B + C) + (D + E + F) = 99.

Let me note that S1 = A + B + C, S2 = D + E + F.

Therefore, 10*S1 + S2 = 99.

Also, Equation 1:

100A + 10B + C + 100D + 10E + F = 999.

Let me note that 100A + 10B + C = 100A + 10B + C.

Similarly, 100D + 10E + F.

But if I think about the sum N1 + N2 = 999, which is:

(100A + 10B + C) + (100D + 10E + F) = 999.

But note that N1 + N2 = 999.

But also, from Equation 2, 10*S1 + S2 = 99, where S1 = A + B + C and S2 = D + E + F.

So, perhaps we can find another relation between S1 and S2?

Let me think. Let me compute N1 + N2 = 999. Let me express N1 + N2 in terms of S1 and S2.

But N1 = 100A + 10B + C. Let me think of N1 as 100A + 10B + C = 100A + 10B + C.

Similarly, N2 = 100D + 10E + F.

So, N1 + N2 = 100(A + D) + 10(B + E) + (C + F) = 999.

But from Equation 2, we have:

10(A + B + C) + (D + E + F) = 99.

Let me denote:

Let me write down both equations:

Equation 1a: 100(A + D) + 10(B + E) + (C + F) = 999.

Equation 2a: 10(A + B + C) + (D + E + F) = 99.

Let me denote:

Let me define:

Let me let X = A + D,

Y = B + E,

Z = C + F.

Then Equation 1a becomes:

100X + 10Y + Z = 999.

Also, note that S1 = A + B + C = (A + D) + (B + E) + (C + F) - (D + E + F) ?

Wait, maybe not. Wait, S1 = A + B + C.

But if we have:

X = A + D,

Y = B + E,

Z = C + F.

Then, if we add X + Y + Z = (A + D) + (B + E) + (C + F) = (A + B + C) + (D + E + F) = S1 + S2.

But from Equation 2a: 10*S1 + S2 = 99. So, if we can relate X + Y + Z to S1 + S2.

But maybe we can find another equation. Let me see.

But we have Equation 1a: 100X + 10Y + Z = 999.

And from Equation 2a: 10*S1 + S2 = 99.

But S1 + S2 = X + Y + Z.

Let me denote T = S1 + S2 = X + Y + Z.

So, Equation 2a is 10*S1 + S2 = 99, and T = S1 + S2.

So, if I can write 10*S1 + S2 = 99 as 10*S1 + (T - S1) = 99 => 9*S1 + T = 99.

Therefore, 9*S1 + T = 99.

But T = X + Y + Z.

But I also have Equation 1a: 100X + 10Y + Z = 999.

So, maybe we can find relations between these equations.

Alternatively, perhaps I can express T in terms of Equation 1a and other equations.

Alternatively, let me try to find possible values for X, Y, Z.

Given that 100X + 10Y + Z = 999, where X, Y, Z are integers such that:

X = A + D,

Y = B + E,

Z = C + F,

with A, B, C, D, E, F digits from 0 to 9. Therefore, each of X, Y, Z can range from 0 + 0 = 0 to 9 + 9 = 18. So X, Y

...

[TRACE SLICE 3: 62%–71%]
: 8 + 1 = 9 (column 1), 0 + 9 = 9 (column 2), 0 + 9 = 9 (column 3). Sum of columns: 9 + 9 + 9 = 27? Wait, but the problem says the sum of the three numbers formed by reading top to bottom is 99. Wait, in this case, the columns are 81, 09, 09. Wait, no. Wait, columns are:

First column: A and D, which is 8 and 1, so the number is 81.

Second column: B and E, which is 0 and 9, so 09 = 9.

Third column: C and F, which is 0 and 9, so 09 = 9.

Sum: 81 + 9 + 9 = 99. Yes, that's correct. Therefore, this grid would satisfy the conditions. Therefore, this is a valid solution, and it's counted in the 45.

But wait, according to our earlier calculation, the number of solutions is 45. However, let me check if there's something wrong here. For example, if A + B + C = 8, then how many solutions are there?

The number of non-negative integer solutions to A + B + C = 8 is C(8 + 3 - 1, 3 - 1) = C(10, 2) = 45. However, since each of A, B, C is a digit (0-9), and since 8 is less than 9, there are no restrictions. Therefore, all these solutions are valid. Therefore, the answer is 45? But wait, let me check with another example. Suppose A = 9. Wait, no, because A + B + C = 8. If A is 9, then B + C = -1, which is impossible. Therefore, A can be at most 8. Similarly for B and C. Therefore, all solutions are valid. Therefore, 45. However, the example given in the problem is one of them, so 45 seems plausible. But let me check if there's a mistake in the equations.

Wait, earlier, we had that Equation 2a gives us that 9*S1 + 27 = 99 ⇒ S1 = 8. Therefore, A + B + C = 8. Therefore, the number of solutions is the number of triples (A, B, C) with A + B + C = 8, which is 45. However, let me check if there's another constraint. Wait, for example, the numbers formed by reading left to right: ABC and DEF. But ABC is 100A + 10B + C, and DEF is 100D + 10E + F. But since D = 9 - A, E = 9 - B, F = 9 - C, then DEF = 100*(9 - A) + 10*(9 - B) + (9 - C) = 900 - 100A + 90 - 10B + 9 - C = 900 + 90 + 9 - (100A + 10B + C) = 999 - (100A + 10B + C). Therefore, ABC + DEF = 999, which is correct. Therefore, all solutions with A + B + C = 8 will satisfy ABC + DEF = 999. Therefore, the answer is 45.

But wait, the problem says ""the sum of the two numbers formed by reading left to right is 999"". But if ABC is 008 (which is 8) and DEF is 991 (which is 991), then their sum is 999. However, if ABC is 800 (which is 800) and DEF is 199 (which is 199), then their sum is 999. So, yes, all these cases are covered. Therefore, the answer is 45? However, I need to check if there's an error in my reasoning here. Because sometimes, when dealing with digits, there might be some constraints that I didn't consider. For example, if A, B, or C is greater than 9? But since A + B + C = 8, and each of A, B, C is non-negative, none of them can exceed 8. Therefore, they are all valid digits. Theref

...

[TRACE SLICE 4: 91%–100%]
= 0, C = 0. Then D = 1, E = 9, F = 9. Then the top row is 800, bottom row is 199. Sum is 800 + 199 = 999. Columns: 81, 09, 09. Sum: 81 + 9 + 9 = 99. Correct. Therefore, valid. Another example: A = 5, B = 2, C = 1. Then D = 4, E = 7, F = 8. Top row: 521, bottom row: 478. Sum: 521 + 478 = 999. Columns: 54, 27, 18. Sum: 54 + 27 + 18 = 99. Correct. Therefore, valid. Therefore, all these examples work. Therefore, the answer is 45.

But I need to check if the answer is 45 or if there is some mistake. Wait, but maybe there is a mistake in the equations. Wait, when I considered Equation 1a and Equation 2a, I found that X = 9, Y = 9, Z = 9. But is that the only possibility?

Wait, let me go back. Earlier, I considered Equation 1a: 100X + 10Y + Z = 999, where X = A + D, Y = B + E, Z = C + F. Then I said that since 100X + 10Y + Z = 999, and X, Y, Z are integers between 0 and 18, then X must be 9. Because 100X ≤ 999 ⇒ X ≤ 9. And 999 - 100X ≤ 198 ⇒ X ≥ 8. So X must be 9. Therefore, 100*9 + 10Y + Z = 999 ⇒ 10Y + Z = 99. Then since Y and Z are between 0 and 18, 10Y + Z = 99 ⇒ Y = 9, Z = 9. Therefore, only one possibility. Therefore, X = Y = Z = 9. Therefore, A + D = 9, B + E = 9, C + F = 9. Therefore, the rest follows. Therefore, this seems correct.

Therefore, the answer is 45. However, I need to check if the problem counts different arrangements as different even if they are the same numbers. For example, if two different grids have the same numbers but different digits? No, the problem says ""place a digit in each cell"", so each cell is distinct. Therefore, different arrangements are counted as different even if they result in the same numbers. For example, if two different grids have the same top row and bottom row but different digits, but no, if the digits are different, the grid is different. Therefore, the count is correct.

Therefore, I think the answer is 45. However, I recall that sometimes in these problems, there might be some restrictions on leading zeros. For example, maybe the numbers formed by reading left to right cannot have leading zeros? But the example given has leading zeros, so they are allowed. Therefore, the answer is 45.

Wait, but I need to check if there's an official answer or something. Wait, no. But given that the example is valid and the logic seems sound, I think 45 is correct.

But to be thorough, let me think of another way. Suppose we think of each column: since each column must add to 9, and there are three columns. The sum of the column numbers is 99. Wait, but earlier we found that the sum of the column numbers is 99, which is equal to 10*(A + B + C) + (D + E + F) = 99. Which is satisfied with S1 = 8, S2 = 19. Therefore, the sum of the column numbers is 99. Therefore, all conditions are satisfied. Therefore, the answer is 45.

Therefore, I think the answer is \boxed{45}.

**Final Answer**
\boxed{45}",31781,yes,2.0,variable_binding_drift|repair_without_recovery,setup_search,no,0,0,none,symbolic_manipulation,1.0,recovered_break,medium,none,"Let me denote N1 = 100A + 10B + C and N2 = 100D + 10E + F, so N1 + N2 = 999.","The model introduces new symbols N1 and N2 without clearly defining their relationship to the original variables A, B, C, D, E, F, leading to confusion and a need for later clarification."
math,aime24,85,aime24:85,46,0,1,filtered_raw_positive,"<|im_start|>user
Return your final response within \boxed{}. 
Question：
Let ABCDEF be a convex equilateral hexagon in which all pairs of opposite sides are parallel. The triangle whose sides are extensions of segments AB, CD, and EF has side lengths 200, 240, and 300. Find the side length of the hexagon.<|im_end|>
<|im_start|>assistant
","[TRACE SLICE 1: 0%–5%]
Okay, so I need to find the side length of this convex equilateral hexagon ABCDEF. All the sides are equal, and opposite sides are parallel. Also, there's a triangle formed by extending the sides AB, CD, and EF, and that triangle has sides 200, 240, and 300. Hmm, interesting. Let me try to visualize this.

First, let me recall that in a convex equilateral hexagon with opposite sides parallel, there might be some properties or relations between the sides. But since it's equilateral, all sides are equal in length. Wait, but the problem says ""convex equilateral hexagon"" – so all sides are equal? Or is it equiangular? Wait, no, equilateral just means all sides are equal. So even though it's convex, the angles can vary. But opposite sides are parallel. That seems like a special condition.

So, maybe I can think of this hexagon as being related to a triangle somehow. The problem mentions that extending AB, CD, and EF forms a triangle with sides 200, 240, 300. So maybe there's some similarity or ratio involved here?

Let me try to draw a rough sketch mentally. Let me imagine the hexagon with sides AB, BC, CD, DE, EF, FA. Since opposite sides are parallel, AB is parallel to ED, BC is parallel to EF, and CD is parallel to FA. Wait, is that right? Wait, opposite sides: AB and ED are opposite? Wait, in a hexagon, opposite sides would be AB and DE, BC and EF, CD and FA? Wait, maybe I need to check the order. Let me label the hexagon as A, B, C, D, E, F in order. So opposite sides would be AB and DE, BC and EF, CD and FA? Wait, but in a regular hexagon, opposite sides are parallel, but here it's only stated that all pairs of opposite sides are parallel. But the hexagon is equilateral, so all sides are equal. So maybe there's some relation between the sides and the triangle formed by extending AB, CD, EF?

Wait, the triangle is formed by the extensions of AB, CD, and EF. So AB, CD, EF are three sides of the hexagon, and when you extend them, they meet at some points to form a triangle. So maybe each pair of these extended sides intersect at a vertex of the triangle?

Let me think. Let me denote the triangle as triangle PQR, where P is the intersection of AB and CD, Q is the intersection of CD and EF, and R is the intersection of EF and AB? Wait, but AB, CD, EF are three sides. If you extend them, they might form a triangle. Let me think. Suppose AB is extended in both directions, CD is extended in both directions, and EF is extended in both directions. The three lines AB, CD, EF will form a triangle if they are not all parallel. Since the hexagon is convex, the sides AB, CD, EF are not parallel to each other? Wait, but the problem says that opposite sides are parallel. So AB is parallel to ED, BC is parallel to EF, and CD is parallel to FA. So EF is parallel to BC. So EF is parallel to BC, but AB is parallel to ED. So AB and EF are not n

...

[TRACE SLICE 2: 31%–36%]
e's a relation between the distances from the hexagon's sides to the triangle's sides.

Alternatively, think of the hexagon as being inscribed in triangle XYZ such that each side of the hexagon is parallel to a side of XYZ? Wait, but the problem says that opposite sides of the hexagon are parallel, not necessarily parallel to the sides of XYZ.

Alternatively, maybe use the concept of similar triangles. Let me think. Let me suppose that triangle XYZ has sides 200, 240, 300. Let me denote the triangle as having sides a = 200, b = 240, c = 300. Let me compute its area. Maybe that will help.

First, check if triangle XYZ is a right triangle. Let me check 200² + 240² = 40000 + 57600 = 97600. 300² is 90000. Not equal. How about 200² + 300² = 40000 + 90000 = 130000. 240² is 57600. Not equal. 240² + 300² = 57600 + 90000 = 147600. 200² is 40000. Not equal. So it's not a right triangle. So area can be calculated using Heron's formula.

Compute semi-perimeter: (200 + 240 + 300)/2 = (740)/2 = 370.

Area = sqrt[s(s - a)(s - b)(s - c)] = sqrt[370*(370 - 200)*(370 - 240)*(370 - 300)] = sqrt[370*170*130*70].

Let me compute this:

First compute 370*70 = 25900

Then 170*130 = 22100

Then multiply 25900 * 22100. Hmm, that's a big number. Maybe I can factor it:

Alternatively, maybe I don't need the exact area. Maybe there's another way.

Alternatively, think about ratios. Let me consider the lines AB, CD, EF. Since they form triangle XYZ, and the hexagon is between these lines. Maybe the hexagon is similar to some triangle or something else?

Alternatively, think about the concept of homothety. If there is a homothety (a dilation/translation) that maps the hexagon to triangle XYZ, but I don't know.

Alternatively, think of the hexagon as having sides that are parts of the triangle's sides and the lines AB, CD, EF. Wait, this is getting too vague.

Wait, let me think again about vectors. Suppose the hexagon is centrally symmetric, so that AB is opposite to ED, BC opposite to EF, CD opposite to FA. Since all sides are equal, each pair of opposite sides are equal and opposite vectors. So AB = -DE, BC = -EF, CD = -FA.

So if I consider the triangle formed by extending AB, CD, EF. Let me think of AB, CD, EF as three lines. Since AB is parallel to DE, which is opposite. Similarly, CD is parallel to FA, and EF is parallel to BC.

So maybe there's a relation between the triangle formed by AB, CD, EF and the triangle formed by DE, FA, BC? Since they are parallel?

But since the hexagon is convex, these lines AB, CD, EF are not overlapping.

Alternatively, think of the triangle XYZ formed by AB, CD, EF. Let me consider the intersections of these lines. Let me denote the intersection points:

Let’s say AB and CD meet at point X, CD and EF meet at Y, EF and AB meet at Z. So triangle XYZ has sides XY, YZ, ZX with lengths 200, 240, 300. Wait, but the prob

...

[TRACE SLICE 3: 64%–69%]
ut that would make the hexagon regular, which it's not necessarily.

Wait, but the problem says it's convex and equilateral with opposite sides parallel, but not necessarily regular. So the distances between opposite sides can vary.

However, since the triangle formed by extending AB, CD, EF has sides 200, 240, 300, maybe there's a relation between the side lengths of the triangle and the distances between the sides of the hexagon.

Alternatively, think of the triangle PQR and the hexagon inside it. The hexagon touches each side of the triangle at one side. For example, side AB of the hexagon lies on line PR of triangle PQR, side CD lies on line PQ, and side EF lies on line QR. Therefore, the hexagon is inscribed in triangle PQR such that each side of the hexagon lies on a side of the triangle.

Wait, but if that's the case, then the triangle PQR would be divided by the hexagon into smaller triangles and the hexagon. But how to relate the side lengths?

Alternatively, think of the hexagon as being formed by cutting the triangle PQR with three lines, each parallel to a side of the triangle. Wait, but in this case, the sides of the hexagon are not necessarily parallel to the sides of the triangle.

Wait, but in our case, the sides of the hexagon are AB, CD, EF, which are parts of the sides of triangle PQR. So they are not parallel to the sides of the triangle, but are parts of them.

This seems too vague. Maybe I need to look for another approach.

Wait, I recall that in some problems involving hexagons with opposite sides parallel, the side length can be found by using the formula involving the sides of the triangle formed by extending the sides. For example, in a problem where a hexagon is inscribed in a triangle with certain conditions, the side length of the hexagon can be derived using the formula related to the triangle's sides.

Alternatively, think about the triangle PQR and the hexagon inside it. Let me consider that each side of the hexagon is a segment of a side of the triangle PQR, and the other parts of the triangle's sides are divided by the hexagon.

Let me denote the lengths of the segments of the triangle's sides outside the hexagon. For example, on side PR of triangle PQR, which contains AB of the hexagon, let me denote PA = x and BR = y, so that PR = x + s + y. Similarly, on side PQ of triangle PQR, which contains CD of the hexagon, let me denote PC = a and QD = b, so that PQ = a + s + b. On side QR of triangle PQR, which contains EF of the hexagon, let me denote QE = c and RF = d, so that QR = c + s + d.

Now, since opposite sides of the hexagon are parallel, there might be relations between x, y, a, b, c, d.

For example, since AB is parallel to ED, and ED is another side of the hexagon. Let me think about the line ED, which is parallel to AB. Since ED is a side of the hexagon, it is connected to D and E.

...

[TRACE SLICE 4: 95%–100%]
n is A, B, C, D, E, F.

Starting at A, going to B on PR, then to C on PQ, then to D on extended PQ, then to E on extended QR, then to F on QR, then back to A.

This might form a convex hexagon if the extensions are done appropriately. Given that all sides are equal and opposite sides are parallel, it's plausible.

So with s = 1200/7, which is approximately 171.43, let me check if this is the correct answer.

But let me verify with another condition. Let me check if vector BC is parallel to QR.

Vector BC was earlier found to be proportional to (-19, e). From equation (7), we had λ = -t_B = -5/7. So vector BC = λ*(-19, e) = (-5/7)*(-19, e) = (95/7, -5e/7). Let me compute vector BC directly.

Point B is on PR at t_B = 5/7: coordinates (181*(5/7), e*(5/7)) = (905/7, 5e/7).

Point C is on PQ at u_C = 5/7: coordinates (200*(5/7), 0) = (1000/7, 0).

Vector BC = C - B = (1000/7 - 905/7, 0 - 5e/7) = (95/7, -5e/7), which matches the earlier result. And this is indeed proportional to (-19, e), since (95/7, -5e/7) = (95/7, -5e/7) = (95/7, -5e/7). Let me see if this is a scalar multiple of (-19, e):

Let me check if 95/7 = k*(-19) and -5e/7 = k*e.

From the second equation: -5e/7 = k*e ⇒ k = -5/7.

Check first equation: 95/7 = (-5/7)*(-19) = 95/7. Yes, correct. So vector BC is indeed parallel to QR, as required.

Similarly, vector AB is parallel to ED. Let me verify this.

Vector AB is from A to B: B - A = (905/7 - 181/7, 5e/7 - e/7) = (724/7, 4e/7).

Vector ED is from E to D: D - E. Point D is at (2200/7, 0). Point E is at v_E = -4/7 on QR: coordinates (200 - 19*(-4/7), e*(-4/7)) = (200 + 76/7, -4e/7) = ( (1400 + 76)/7, -4e/7 ) = (1476/7, -4e/7).

So vector ED = D - E = (2200/7 - 1476/7, 0 - (-4e/7)) = (724/7, 4e/7), which is the same as vector AB. So they are equal, hence parallel. Correct.

So all the parallel conditions are satisfied. Therefore, s = 1200/7 is the correct side length.

But let me check if this answer makes sense with the given triangle sides. Let me compute 1200/7 ≈ 171.43. Let me see if this relates to the triangle sides 200, 240, 300.

Alternatively, check if there's a simpler way to get this result. For example, using the formula for the side length of the hexagon in terms of the triangle's sides. But since I derived it through coordinates and the relations, and all conditions are satisfied, it seems correct.

Therefore, the side length of the hexagon is 1200/7, which is approximately 171.43. Let me check if this reduces to a simpler fraction or if there's a miscalculation.

Wait, 1200 divided by 7 is indeed the result. Let me check the calculation steps again to ensure no errors.

We had the equation:

-1 + 7s / 1200 = 0 ⇒ s = 1200 / 7.

Yes, that's correct. And all the other relations checked out. So I think this is the correct answer.

**Final Answer**
The side length of the hexagon is \boxed{\dfrac{1200}{7}}.",62343,yes,2.0,variable_binding_drift|repair_without_recovery,setup_search,no,0,0,none,symbolic_manipulation,1.0,recovered_break,medium,none,"Let me denote the triangle as triangle PQR, where P is the intersection of AB and CD, Q is the intersection of CD and EF, and R is the intersection of EF and AB? Wait, but AB, CD, EF are three sides. If you extend them, they might form a triangle. Let me think.","The model initially defines the triangle PQR based on the intersections of sides AB, CD, and EF. However, it later questions whether these intersections are valid, indicating a variable binding drift. The model attempts to recover by considering the extensions of the sides, but this does not fully resolve the instability."
math,hmmt25,hmmt25-23,hmmt25:hmmt25-23,8,0,1,filtered_raw_positive,"<｜begin▁of▁sentence｜><｜User｜>Return your final response within \boxed{}.
Question：
A semicircle is inscribed in another semicircle if the smaller semicircle's diameter is a chord of the larger semicircle, and the smaller semicircle's arc is tangent to the diameter of the larger semicircle.
Semicircle $S_{1}$ is inscribed in a semicircle $S_{2}$, which is inscribed in another semicircle $S_{3}$. The radii of $S_{1}$ and $S_{3}$ are $1$ and 10, respectively, and the diameters of $S_{1}$ and $S_{3}$ are parallel. The endpoints of the diameter of $S_{3}$ are $A$ and $B$, and $S_{2}$ 's arc is tangent to $A B$ at $C$. Compute $A C \cdot C B$.

\begin{tikzpicture}

    % S_1
    \coordinate (S_1_1) at (6.57,0.45);
    \coordinate (S_1_2) at (9.65,0.45);
    \draw (S_1_1) -- (S_1_2);

    \draw (S_1_1) arc[start angle=180, end angle=0, radius=1.54]
    node[midway,above] {};

    \node[above=0.5cm] at (7,1.2) {$S_1$};

    % S_2 
    \coordinate (S_2_1) at (6.32,4.82);
    \coordinate (S_2_2)","[TRACE SLICE 1: 0%–6%]
The problem involves three semicircles: S1, S2, and S3. S1 is inscribed in S2, and S2 is inscribed in S3. The radii of S1 and S3 are given as 1 and 10, respectively, and their diameters are parallel. I need to find the product AC times CB, where A and B are the endpoints of the diameter of S3, and C is the point where S2's arc is tangent to AB.

First, visualize this. S3 is the largest semicircle with radius 10, so diameter AB is 20 units long. S1 is the smallest with radius 1, so diameter is 2 units. They're all aligned with parallel diameters.

S1 is inscribed in S2, and S2 is inscribed in S3. Since they're all semicircles with diameters on the same line and parallel, I think they're all on the same side of the diameter line.

Assume the diameter is along the x-axis. Set up a coordinate system with A at (0,0) and B at (20,0) since radius is 10, so diameter is 20.

S3 has diameter AB from (0,0) to (20,0), and it's a semicircle above the x-axis.

Now, S2 is inscribed in S3. According to the definition, S2's diameter is a chord of S3, and S2's arc is tangent to the diameter of S3, which is AB.

Similarly for S1 inscribed in S2.

Since the diameters are parallel, and everything is symmetric, I think the centers should be aligned along the axis perpendicular to the diameters.

Let me denote the centers. Let O3 be the center of S3. Since diameter is from (0,0) to (20,0), center O3 is at (10,10) because radius is 10.

Radius is 10, so from (10,10) to (0,0) is distance sqrt(10^2 + 10^2) = 10sqrt(2), no.

Standard semicircle: if diameter is from (0,0) to (20,0), then center is at (10,0) if it's a full circle, but for semicircle, the center is at (10,0), but the semicircle is above, so the highest point is (10,10).

In a semicircle, the center is at the midpoint of the diameter. So for S3, diameter from A(0,0) to B(20,0), so center O3 is at (10,0). But then the semicircle above the x-axis would have equation (x-10)^2 + y^2 = 10^2, with y >=0.

But in that case, the highest point is (10,10), yes.

Now, S2 is inscribed in S3. Let me denote its center as O2, and radius r2.

Since diameters are parallel, O2 should be directly above the x-axis, so same y-coordinate as O3, but probably not, because it's inscribed.

The definition: S2's diameter is a chord of S3. So the diameter of S2 is a chord of the semicircle S3.

Also, S2's arc is tangent to the diameter AB.

Since it's a semicircle inscribed, and diameters parallel, I think the diameter of S2 is parallel to AB, so it's horizontal.

Let me assume that. So S2 has diameter parallel to AB, so it's horizontal.

Let the diameter of S2 be from (p,q) to (p + 2r2, q), but since it's a semicircle above the x-axis, and inscribed in S3, which is above, so probably q >0.

But the diameter is a chord of S3, and S3 is a semicircle, but chords can be anywhere.

Also, the arc is tangent to AB, which

...

[TRACE SLICE 2: 31%–36%]
rom below, but that would mean it's below, and might not be inside.

Perhaps for S1 inscribed in S2, the arc is tangent to the diameter, but not necessarily at the highest point.

In the earlier case for S2 in S3, the tangency was at the bottom, not at the side.

In S2 in S3, S2's arc is tangent to AB (x-axis), and since S2's diameter is above, the tangency is at the bottom of S2's semicircle.

Similarly, for S1 inscribed in S2, probably the arc is tangent to S2's diameter y=5√2 at the bottom of S1's semicircle.

So, for S1, the lowest point should be on y=5√2.

S1 has diameter at height q, so lowest point is at y = q - r1.

Set q - r1 = 5√2.

Since r1=1, q - 1 = 5√2, so q = 5√2 + 1.

Now, the semicircle is above y=q? No, if diameter is at y=q, then the semicircle is above or below.

In the definition, for semicircle, we need to specify which side.

In the first case, for S2, diameter was above AB, so semicircle above the diameter.

Similarly, for S1 in S2, probably the semicircle is above its diameter, so y >= q.

But if q = 5√2 + 1, and diameter at y=q, then the semicircle is above y=q, which is above y=5√2, since q>5√2.

Now, the lowest point is at y=q, but since it's a semicircle, the lowest point is at the diameter, so y=q, and since it's tangent to y=5√2, but y=q >5√2, so it doesn't touch y=5√2.

Unless q =5√2, but q=5√2 +1 >5√2.

To be tangent, the distance from center to the line should equal radius.

The line is y=5√2, center is at (p+1, q), so distance is |q - 5√2|.

Set equal to radius r1=1.

So |q - 5√2| =1.

So q - 5√2 =1 or q - 5√2 = -1.

Case 1: q = 5√2 +1, same as above.

Case 2: q = 5√2 -1.

Now, earlier with q=5√2 -1, the endpoints were not on S2's circle.

But with q=5√2 +1, let's check the endpoints.

So q =5√2 +1.

Then endpoints (p, 5√2 +1) and (p+2, 5√2 +1)

Must be on S2's circle: (x-10)^2 + (y - 5√2)^2 =50.

y-coordinate is 5√2 +1, so y - 5√2 =1.

So (x-10)^2 + (1)^2 =50, so (x-10)^2 =49, so x-10 = ±7, x=17 or 3.

Now, the diameter is from (p,q) to (p+2,q), so the x-coordinates differ by 2, but the circle at y=q has x=17 and x=3, which are 14 units apart, while diameter is only 2 units, so p must be such that both points are on the circle.

But the circle at y=q has only two points: (3,q) and (17,q), but they are 14 units apart, while S1's diameter is only 2 units long, so it can't cover both unless p is chosen, but for a given p, only one point might be on, but here the two points (3,q) and (17,q) are fixed for this y, but S1's diameter is a segment of length 2, so it can't be that both endpoints are exactly (3,q) and (17,q) because they are too far apart.

We need both (p,q) and (p+2,q) to satisfy the circle equation.

So for (p,q): (p-10)^2 + (q - 5√2)^2 =50

But q =5√2 +1, so (q - 5√2) =1, so (p-10)^2 +1^2 =50, so (p-10)^2=49, p=17 or 3.

Similarly for (p+2,q): (p+2-10)^2 +1^2= (p-8)^2 +1=50, so

...

[TRACE SLICE 3: 64%–69%]
horizontal.

Let the diameter of S1 be from (a,b) to (a+2,b).

The arc is tangent to the diameter of S2, which is y=5√2.

Moreover, the diameter is a chord of S2, so (a,b) and (a+2,b) are on S2's circle.

S2's circle: (x-10)^2 + (y - 5√2)^2 =50.

Also, the arc is tangent to y=5√2.

Now, the arc could be tangent to y=5√2 at some point not necessarily the bottom.

But in the first case, it was at the bottom.

Perhaps for S1, the tangency is at the side, but that might not be.

Let's use the tangency condition.

The circle of S1: (x-h)^2 + (y-k)^2 =1, but h and k are coordinates of center, but diameter is from (h-1,k) to (h+1,k), so center at (h,k).

Same as before.

Perhaps the semicircle is not the entire half, but only the part that is inside.

But the definition says ""semicircle"", so probably it is a full semicircle.

Another idea: in the inscription, for S1 in S2, the diameter of S1 is a chord of S2, but S2's diameter is not necessarily horizontal in the same way, but it is.

Let's calculate the point C.

The question is to find AC * CB, and C is the point where S2's arc is tangent to AB.

In the problem, S2's arc is tangent to AB at C.

From the diagram, S2's arc is tangent to AB at C, and A and B are endpoints of S3's diameter.

From the TikZ code, A is at (0,0), B at (10,0), but in our coordinate, S3 has diameter from (0,0) to (20,0), so A(0,0), B(20,0).

In the TikZ code, \coordinate (A) at (0,0); \coordinate (B) at (10,0); but that can't be, because radius is 10, so diameter should be 20, from (0,0) to (20,0).

Look at the TikZ code:

\coordinate (A) at (0,0); \coordinate (B) at (10,0); but then diameter is 10, radius 5, but the problem says radius 10, so probably a mistake in the TikZ code.

In the TikZ code, for S3, \draw (A) arc[start angle=180, end angle=0, radius=5] , and A is (0,0), B is (10,0), so diameter from (0,0) to (10,0), length 10, so radius 5, but the problem says radius 10, so inconsistency.

In the problem, radii of S1 and S3 are 1 and 10, diameters parallel, so S3 diameter is 20, S1 diameter is 2.

But in TikZ, S3 has radius 5, so probably the TikZ is not to scale or something, or perhaps it's a different coordinate system.

In the TikZ code, for S3, \draw (A) arc[start angle=180, end angle=0, radius=5], and A(0,0), so if radius 5, then it goes from (0,0) to (10,0), yes, diameter 10, radius 5, but problem says radius 10, so the TikZ is not matching the problem. Perhaps the TikZ is for a different problem, or I need to ignore the TikZ coordinates.

The TikZ code is given, but it might be just a schematic, not to scale, so I should rely on the description.

So back to our calculation.

For S2 in S3, we have r2 = 5√2, center at (10,5√2).

Now for S1 in S2, radius 1.

Let the center of S1 be (h,k), radius 1.

The diameter is from (h-1,k) to (h+1,k).

This diameter is a chord of S2, so (h-1,k) and (h+1,

...

[TRACE SLICE 4: 94%–100%]
inside S2.

Let's try that.

Suppose for S1, the semicircle is below its diameter, so y ≤ k.

Then the highest point is at y=k, but for tangency to y=5√2, if y=k =5√2, then same as before.

If not, then for tangency, since it's below, and S2 is above, probably not.

Perhaps the tangency is not required for the arc to be tangent in the usual sense, but in the context, it is.

But for the question, since it doesn't depend on S1, and we have the answer, perhaps 100 is correct.

Maybe the product is constant regardless.

But in this case, for S2's tangency, it's fixed, so AC*CB=100.

Now, to confirm, in the TikZ code, A is (0,0), B is (10,0), but if S3 has radius 10, diameter should be 20, so probably A and B are not endpoints, but in the code, \coordinate (A) at (0,0); \coordinate (B) at (10,0); and arc radius 5, so diameter from (0,0) to (10,0), radius 5.

But in the problem, radius is 10, so perhaps the TikZ is not to scale, or perhaps I need to adjust.

In the TikZ code, for S3, radius is 5, so diameter 10, from (0,0) to (10,0).

Then for S2 inscribed, similar calculation.

S3: center (5,0), radius 5.

Then for S2, diameter a chord, arc tangent to AB (x-axis).

Center of S2 at (h,k), k=r, since tangent to y=0.

Then (h-r-5)^2 + r^2 =25

(h+r-5)^2 + r^2 =25

Subtract: (h+r-5)^2 - (h-r-5)^2 =0

Set u=h-5, v=r, (u+v)^2 - (u-v)^2=4uv=0, so u=0, h=5.

Then (5-r-5)^2 + r^2 = (-r)^2 + r^2=2r^2=25, r^2=12.5, r=√(25/2)=5/√2=(5√2)/2

Then diameter from (5-5/√2 * something, center at (5, r)=(5, 5/√2)

Radius r=5/√2, so diameter from (5 - 5/√2, 5/√2) to (5 + 5/√2, 5/√2)

Now, tangent to AB at (5,0).

A is (0,0), B is (10,0), C is (5,0), so AC=5, CB=5, product 25.

But in the problem, radii are 1 and 10, so scaled.

In general, for radius R of S3, S2 has radius R/√2, center at (R, R/√2) if A at (0,0), B at (2R,0), center at (R,0).

S3 center (R,0), radius R.

S2 center (h,k), k=r, (h-r-R)^2 + r^2 = R^2

(h+r-R)^2 + r^2 = R^2

Subtract: (h+r-R)^2 - (h-r-R)^2 =0, 4(h)(-2R + something), wait.

From earlier: (h+r-R)^2 - (h-r-R)^2 = [ (h-r-R) + (h+r-R) ] [ (h-r-R) - (h+r-R) ] wait no.

a^2 - b^2 = (a-b)(a+b)

a = h+r-R, b = h-r-R

a-b = (h+r-R) - (h-r-R) = 2r

a+b = (h+r-R) + (h-r-R) = 2h - 2R

So (a-b)(a+b) = 2r * (2h - 2R) = 4r(h - R) =0

Since r≠0, h=R.

Then (h-r-R)^2 + r^2 = (R - r - R)^2 + r^2 = (-r)^2 + r^2 = 2r^2 = R^2, so r^2 = R^2 / 2, r = R / √2.

Then C is (h,0) = (R,0), so AC = distance from A(0,0) to C(R,0) = R, CB = from C(R,0) to B(2R,0) = R, product R * R = R^2.

In the problem, R=10, so product 100.

In TikZ, if R=5 (since radius 5), product 25, which matches AC=5, CB=5.

Now, S1 has radius 1, while S3 has radius 10, so ratio is fixed.

But for the question, AC*CB=R^2=100.

Now, the answer should be 100.

I think it's correct, and S1 is just additional information but not needed for this calculation.

So the answer is 100.",51676,yes,2.0,variable_binding_drift|repair_without_recovery,setup_search,no,0,0,none,symbolic_manipulation,1.0,recovered_break,medium,none,"Let me denote the centers. Let O3 be the center of S3. Since diameter is from (0,0) to (20,0), center O3 is at (10,10) because radius is 10.","The model incorrectly assumes the center of S3 is at (10,10) based on the diameter, but the radius is the distance from the center to the endpoints, not the midpoint. This leads to a variable binding drift where the center's coordinates are later corrected, but the initial incorrect assumption affects the reasoning."
math,hmmt25,hmmt25-26,hmmt25:hmmt25-26,51,0,1,filtered_raw_positive,"<｜begin▁of▁sentence｜><｜User｜>Return your final response within \boxed{}.
Question：
Point $P$ is inside triangle $\triangle A B C$ such that $\angle A B P=\angle A C P$. Given that $A B=6, A C=8, B C=7$, and $\frac{B P}{P C}=\frac{1}{2}$, compute $\frac{[B P C]}{[A B C]}$.
(Here, $[X Y Z]$ denotes the area of $\triangle X Y Z$ ).<｜Assistant｜>","[TRACE SLICE 1: 0%–4%]
<think>
The problem involves a triangle with sides AB = 6, AC = 8, BC = 7, and a point P inside it such that angle ABP equals angle ACP. Also, BP/PC = 1/2, and I need to find the ratio of the area of triangle BPC to the area of triangle ABC.

First, I should sketch the triangle and label the points. Let me draw triangle ABC with AB = 6, AC = 8, BC = 7. I notice that AB and AC are given, but not BC directly, wait no, BC is given as 7. AB = 6, AC = 8, BC = 7. Let me check if this triangle is valid. The sides are 6,7,8. Let me verify the triangle inequality: 6+7>8 ⇒ 13>8 ok; 6+8>7 ⇒ 14>7 ok; 7+8>6 ⇒ 15>6 ok. So it's a valid triangle.

Now, point P inside such that angle ABP equals angle ACP. Also, BP/PC = 1/2. BP and PC are segments from B to P and P to C, but P is inside the triangle, and we're dealing with ratios along BP and PC? No, BP and PC are parts of the line from B to C? No, the ratio is given as BP/PC = 1/2, but B and C are not necessarily colinear with P in that way. Let me read carefully.

It says BP/PC = 1/2. Now, BP and PC, but P is inside the triangle, so probably this is a ratio of lengths, but which line? It doesn't specify the line. Perhaps it's along the line BC? But if P is inside the triangle and we're talking about BP and PC, but B and C are not necessarily connected directly, but in this case, since it's a ratio given, and later we have triangle BPC, probably P is on BC? But the problem says P is inside the triangle, so it can't be on BC unless it's a vertex, but no.

Let me read the problem again: ""Point P is inside triangle ABC such that angle ABP = angle ACP. Given that BP/PC = 1/2, compute [BPC]/[ABC].""

BP/PC = 1/2, but if P is inside the triangle, and we're taking BP and PC, these are lengths from B to P and P to C, but they are not necessarily on the same line. However, in the ratio BP/PC = 1/2, it's just the ratio of lengths, not necessarily along a straight line.

But then, in the area ratio, we have triangle BPC, which is part of ABC.

Also, the angle condition is angle ABP = angle ACP.

Angle ABP is the angle at B in triangle ABP, so in triangle ABP, the angle at B is equal to angle ACP, which is angle at C in triangle ACP.

Angle ABP is the angle formed by points A,B,P with vertex at B, so it's the angle between points A,B,P.

Similarly, angle ACP is angle between points A,C,P with vertex at C.

And they are equal.

Also, BP/PC = 1/2, which is a ratio of distances from B to P and from P to C.

But these are distances, not necessarily along a line, so P is a point such that the distance to B is half the distance to C? No, BP/PC = 1/2, so distance from B to P divided by distance from P to C is 1/2, so BP = (1/2) PC.

But PC is distance from P to C, so yes, BP = 0.5 * PC.

But this is a ratio of distances, not necessarily collinear.

This seems a bit tricky. Perhaps I need to use coordinates or

...

[TRACE SLICE 2: 31%–36%]
9

17,689 = 7^2 * 19^2

So, D = 16 * 2 * 2 * 3 * 5 * 7^2 * 19^2 = 2^4 * 2^2 * 3 * 5 * 7^2 * 19^2 = 2^6 * 3 * 5 * 7^2 * 19^2

Yes.

So √D = √(2^6 * 3 * 5 * 7^2 * 19^2) = 2^3 * 7 * 19 * √(3 * 5) = 8 * 7 * 19 * √15

Since 3*5=15.

So √D = 8 * 7 * 19 * √15 = 56 * 19 * √15 = 1064 √15

8*7=56, 56*19=56*20 - 56=1120-56=1064, yes.

Now, back to q.

q = [ 3640 √15 ± 1064 √15 ] / (2 * 2208)

Denominator is 2 * 2208 = 4416

Numerator: (3640 ± 1064) √15

So, two cases.

First, q = [ (3640 + 1064) √15 ] / 4416 = [4704 √15] / 4416

Second, q = [ (3640 - 1064) √15 ] / 4416 = [2576 √15] / 4416

Now, simplify both.

First, 4704 / 4416 and 2576 / 4416.

Note that both numerator and denominator divisible by 16 or something.

First, find gcd.

First fraction: 4704 / 4416

Divide numerator and denominator by 16: 4704 ÷ 16 = 294, 4416 ÷ 16 = 276.

16*294=4704? 16*200=3200, 16*94=1504, total 3200+1504=4704 yes.

4416 ÷ 16: 16*276=4416? 16*200=3200, 16*76=1216, total 3200+1216=4416 yes.

Now, 294 / 276, simplify.

Divide by 6: 294÷6=49, 276÷6=46? 276÷6=46, yes, 294÷6=49.

6*49=294, yes; 6*46=276, yes.

Now, 49 and 46, gcd? 49=7^2, 46=2*23, no common factors.

So first q = (49 / 46) √15 ? No.

q = [4704 √15] / 4416 = [294 √15] / 276 = [49 √15] / 46

294 / 276 = 49 / 46, yes, so q = (49 / 46) √15

But earlier we divided by 16, but it's the same.

Now, second q = [2576 √15] / 4416

2576 / 4416, divide by 16: 2576 ÷ 16 = 161, 4416 ÷ 16 = 276.

16*161=2576? 16*160=2560, 16*1=16, total 2576 yes.

4416 ÷ 16=276 as before.

Now, 161 / 276, simplify.

161 and 276, gcd? 161=7*23, 276=2^2*3*23, oh, 23 common.

So 161 ÷ 23 = 7, 276 ÷ 23 = 12.

23*12=276, yes; 23*7=161, yes.

So 161/276 = 7/12

So q = (7/12) √15

Now, we have two possible q: (49/46) √15 and (7/12) √15

Now, corresponding p from earlier.

Now, we need to find which one is inside the triangle.

First, recall that A is at (1.5, 3√15 / 2) = (3/2, 3√15 / 2)

Now, q is the y-coordinate.

Now, the height of triangle ABC, with base BC=7, area can be computed.

First, from earlier, area of ABC: we have sides 6,7,8.

Or from coordinates: base BC=7, height is y-coordinate of A, which is 3√15 / 2

So area [ABC] = (1/2) * base * height = (1/2) * 7 * (3√15 / 2) = (7/4) * 3√15 / 2? No.

(1/2) * 7 * (3√15 / 2) = (1/2)*7*(3/2) √15 = (7*3 / 4) √15 = 21√15 / 4

By Heron's formula: sides a=6,b=8,c=7.

Semi-perimeter s=(6+8+7)/2=21/2=10.5

Area = √[s(s-a)(s-b)(s-c)] = √[10.5*(10.5-6)*(10.5-8)*(10.5-7)] = √[10.5*4.5*2.5*3.5]

10.5=21/2, 4.5=9/2, 2.5=5/2, 3.5=7/2

So √[(21/2)*(9/2)*(5/2)*(7/2)] = √[(21*9*5*7)/(16)] = [√(21*9*5*7)] / 4

21*7=147, 9*5=45, so √(147*45) / 4

147=49*3, 45=9*5, so √(49*9*3*5) / 4 = (7*3*√15)/4 = 21√15 / 4, same as above.

Now, P has coordinates (p,q), with q positive, since inside triangle.

Now, first q1 = (49/46) √15 ≈ (1.0652) * √15 ≈ 1.0652 * 3.873 ≈ about 4.12

√15 ≈ 3.873, yes.

Now

...

[TRACE SLICE 3: 64%–69%]
ψ = γ - θ

So sin(β - θ) = 2 sin(γ - θ)

Now, β and γ are known.

β = arccos(1/4), so sinβ = √(1 - cos^2 β) = √(1 - 1/16) = √(15/16) = √15 / 4

Similarly, γ = arccos(11/16), sinγ = √(1 - (11/16)^2) = √(1 - 121/256) = √(135/256) = √135 / 16 = (3√15)/16

Now, sin(β - θ) = sinβ cosθ - cosβ sinθ

Sin(γ - θ) = sinγ cosθ - cosγ sinθ

Now, sin(β - θ) = 2 sin(γ - θ)

So sinβ cosθ - cosβ sinθ = 2 (sinγ cosθ - cosγ sinθ)

Now, plug in the values.

Sinβ = √15 / 4, cosβ = 1/4

Sinγ = 3√15 / 16, cosγ = 11/16

Now,

(√15 / 4) cosθ - (1/4) sinθ = 2 [ (3√15 / 16) cosθ - (11/16) sinθ ]

Now, multiply both sides by 16 to eliminate denominators.

Left: 16 * [ (√15 / 4) cosθ - (1/4) sinθ ] = 16*(√15 / 4) cosθ - 16*(1/4) sinθ = 4 √15 cosθ - 4 sinθ

Right: 16 * 2 * [ (3√15 / 16) cosθ - (11/16) sinθ ] = 32 * (3√15 / 16) cosθ - 32 * (11/16) sinθ = 2 * 3√15 cosθ - 2 * 11 sinθ = 6√15 cosθ - 22 sinθ

32 / 16 = 2, yes.

So,

4√15 cosθ - 4 sinθ = 6√15 cosθ - 22 sinθ

Now, bring all terms to one side:

4√15 cosθ - 4 sinθ - 6√15 cosθ + 22 sinθ = 0

So, (4√15 - 6√15) cosθ + (-4 + 22) sinθ = 0

-2√15 cosθ + 18 sinθ = 0

So, 18 sinθ = 2√15 cosθ

Thus, tanθ = (2√15) / 18 = √15 / 9

So, θ = arctan(√15 / 9)

Now, we have θ.

Now, we need to find the area ratio.

Now, to find [BPC]/[ABC]

Now, triangle BPC has sides BP=x, PC=2x, BC=7.

But x is unknown.

The area of BPC can be found if we know the angle at P or something.

Since we know angles in triangle BPC.

We have sinφ = 2 sinψ, and φ + ψ = ? Not directly.

From earlier, in triangle BPC, we have sides BP=x, PC=2x, BC=7.

Angle at B is φ, angle at C is ψ.

By law of cosines, in triangle BPC, for angle at B: cosφ = (BP^2 + BC^2 - PC^2) / (2 * BP * BC)

Law of cosines: for angle at B, cosφ = (adjacent sides) (AB^2 + CB^2 - AC^2)/(2 AB CB), standard: in triangle with sides a,b,c opposite A,B,C, cosA = (b^2 + c^2 - a^2)/(2bc)

So for angle at B in triangle BPC, the sides: opposite to B is PC=2x, adjacent sides are BP and BC, so BP=x, BC=7.

Vertices B,P,C.

Side opposite to B is PC, yes.

Side opposite to P is BC=7.

Side opposite to C is BP=x.

Standard: angle at B, opposite side is PC.

So, cosφ = (BP^2 + BC^2 - PC^2) / (2 * BP * BC) = (x^2 + 7^2 - (2x)^2) / (2 * x * 7) = (x^2 + 49 - 4x^2) / (14x) = (-3x^2 + 49) / (14x)

Similarly, angle at C, opposite side is BP=x, so cosψ = (CP^2 + CB^2 - BP^2) / (2 * CP * CB) = ((2x)^2 + 7^2 - x^2) / (2 * 2x * 7) = (4x^2 + 49 - x^2) / (28x) = (3x^2 + 49) / (28x)

We also have sinφ = 2 sinψ

But we have tanθ, but perhaps find x.

Note that the area of triangle BPC can be found using (1/2) * BP * BC * sinφ, but φ is angle at B.

Since we have θ, and the angles.

Another way: the area of triangle ABC is known, and we can find the areas of other triangles.

But perhaps find the height or something.

Since we have θ, and the sides.

Note that in triangle ABP, angle at B is θ,

...

[TRACE SLICE 4: 96%–100%]
= (5x^2 - √6 x^2) - (7/2) √6 x - 3x^2? No.

From 49 = 5x^2 - √6 x^2, so 3x^2 = 5x^2 - √6 x^2 - 3x^2 = 2x^2 - √6 x^2, not helpful.

But in the law of cosines for the angle, but the issue is that with this cosφ, the area is larger than [ABC], so perhaps φ is not β - θ.

Perhaps the angle is not β - θ.

In the configuration, when P is inside, the angle ABP = θ, and angle ABC = β, so the remaining angle PBC = β - θ, yes.

But perhaps the cosφ is correct, but the side is wrong.

Another way: from the ratio, we have BP/PC=1/2, and angles equal.

Perhaps use the formula for area.

Let me go back to the coordinate geometry.

Earlier in coordinate geometry, we had the equation, and we found a point with BP=PC, but ratio should be 1/2, so perhaps there is another point.

In the angle equality, we set cosθ_B = cosθ_C, but for P inside, the angle might be defined differently.

Perhaps the angle ACP is not the angle between CA and CP, but in the triangle ACP, the angle at C.

But it should be the same.

Another thought: in the ratio BP/PC=1/2, but PC is distance from P to C, but in the ratio, it might be the ratio along the line, but the problem says BP/PC, which are lengths, not specified.

But in the area, it's given.

Perhaps P is on BC, but the problem says inside, so not.

Let's assume P is on BC, even though not required, to see.

If P is on BC, then angle ABP and angle ACP.

If P on BC, then angle ABP is angle at B between A,B,P, but P on BC, so angle ABP is part of angle ABC, but angle ACP is angle at C between A,C,P, part of angle ACB.

And BP/PC=1/2, BC=7, so BP + PC =7, BP/PC=1/2, so BP=2/3 *7? Let BP=x, PC=y, x/y=1/2, x+y=7, so x+2x=7, 3x=7, x=7/3, y=14/3.

Then area [BPC] = (1/2)*BP*PC*sin(angle at P), but if P on BC, then triangle BPC is degenerate if P on BC, no, if P on BC, then points B,P,C are colinear, so area is 0, but [ABC] is not, so ratio 0, but probably not.

If P on BC, triangle BPC has area 0, but the angle condition: angle ABP is defined, but angle ACP might be defined, but P on BC, so in triangle ABP, but P on BC, so it's not inside.

But in this case, the angles might not be equal.

From earlier calculation, when we solved the equations, we got a point outside, but perhaps there is a solution inside.

From the angle equality and ratio, we have the two equations, and we solved, but perhaps I need to use the fact that the angles are equal but the cosines may not be if the angles are obtuse.

In the first solution P2, angle at C was obtuse, cosine greater than 1, invalid.

In P1, both acute, but P outside.

But perhaps there is another point where the angles are equal.

From the law of sines approach, we have θ, and then x^2 = 49 / (5 - √6)

Now, 5 - √6 ≈ 5 - 2.449 = 2.551, 49 / 2.551 ≈ 19.21, same as before.

Now, then S = (1/2) * x * 7 * sinφ, sinφ = √10 / 4 ≈ 3.162/4=0.7905, x≈4.382, so (1/2)*4.382*7*0.7905",66067,yes,2.0,variable_binding_drift|repair_without_recovery,setup_search,no,0,0,none,symbolic_manipulation,1.0,recovered_break,medium,none,Let me denote the angles. Let θ = angle ABP = angle ACP.,"The model introduces a new symbol θ without defining it properly, leading to confusion and a need for later correction."
math,hmmt25,hmmt25-3,hmmt25:hmmt25-3,16,0,1,filtered_raw_positive,"<｜begin▁of▁sentence｜><｜User｜>Return your final response within \boxed{}.
Question：
Let $\lfloor z\rfloor$ denote the greatest integer less than or equal to $z$. Compute

$$
\sum_{j=-1000}^{1000}\left\lfloor\frac{2025}{j+0.5}\right\rfloor
$$<｜Assistant｜>","[TRACE SLICE 1: 0%–7%]
I need to compute the sum from j equals -1000 to 1000 of the floor of 2025 divided by (j + 0.5). The floor function gives the greatest integer less than or equal to a number. Since j goes from -1000 to 1000, j + 0.5 will be from -999.5 to 1000.5. But when j is negative, j + 0.5 could be negative, and the floor function for negative numbers might be tricky, but since we're dividing by a negative number, I need to be careful.

Let me denote the expression inside the floor as f(j) = 2025 / (j + 0.5). I need to sum floor(f(j)) for j from -1000 to 1000.

First, I should consider the behavior of this function. It's a rational function with a vertical asymptote at j = -0.5. Since j is integer, it's defined for all integers in this range, but it goes to infinity as j approaches -0.5 from the left and to negative infinity from the right, but since j is integer, let's see what happens at j = -1 and j = 0.

j is integer, so j + 0.5 is half-integer, so it's never zero, good. When j = -1, j + 0.5 = -0.5, so f(j) = 2025 / (-0.5) = -4050, so floor is -4050. When j = 0, f(j) = 2025 / 0.5 = 4050, floor is 4050. When j is large positive, f(j) is small positive, floor is 0 or something. When j is large negative, f(j) is large negative, floor is large negative.

But summing from -1000 to 1000, which is a symmetric range, but the function is not symmetric because of the +0.5. Let me check if f(j) and f(-j-1) or something.

Let me compute f(j) and f(-j-1). Let k = -j -1, then f(k) = 2025 / (k + 0.5) = 2025 / (-j -1 + 0.5) = 2025 / (-j -0.5) = -2025 / (j + 0.5) = -f(j).

k + 0.5 = -j -1 + 0.5 = -j -0.5, so f(k) = 2025 / (-j -0.5) = -2025 / (j + 0.5) = -f(j).

Now, when j is integer, k = -j -1 is also integer, and as j runs from -1000 to 1000, k runs from -(-1000) -1 = 1000 -1 = 999 to -(1000) -1 = -1001. Let's see the range.

j from -1000 to 1000, k = -j -1, when j=-1000, k=1000-1=999, when j=1000, k=-1000-1=-1001. So k runs from -1001 to 999, but our sum is from -1000 to 1000, so it's not symmetric.

But notice that f(k) = -f(j) for k = -j -1. But the sum is over j from -1000 to 1000, and k = -j -1, which is not in the same range.

Moreover, the floor function is not linear, so summing floor(-x) is not the same as -floor(x), but there might be a relation.

floor(-x) = -ceil(x) or something? Let's recall the properties of floor function.

For any real x, floor(-x) = -ceil(x). And ceil(x) = -floor(-x), but let's think carefully.

If x is not integer, floor(-x) = -ceil(x), and if x is integer, floor(-x) = -x = -floor(x), and ceil(x) = x, so it's consistent: floor(-x) = -ceil(x) for all real x.

But ceil(x) is not directly related to floor(x) in a simple way for summation.

Since f(j) and f(k) are negatives, but floor is not linear, it might be messy.

Another way to look at it is to consider that 2025 / (j + 0.5) = 2025 / ((2j+1)/2) = 2025 * 2 / (2

...

[TRACE SLICE 2: 30%–37%]
viding 4049, the condition {4049/d} < (d-1)/d is false when d=1, and true for d≥2 dividing 4049.

But in our case d is odd, and positive, so d≥1 odd.

So for d dividing 4049, if d=1, {4049/1} = {4049} =0, 0 < (1-1)/1=0? 0<0 false, so floor(4050/1) = floor(4050) =4050, floor(4049/1)=4049, so floor(4050/d) =4050, floor(4049/d)=4049, so they differ by 1.

If d divides 4049 and d>1, then {4049/d}=0 < (d-1)/d, so floor(4050/d) = floor(4049/d), but since d|4049, 4049/d is integer, so floor(4050/d) = floor(4049/d + 1/d) = 4049/d + floor(1/d) , and since d≥2, 1/d <1, floor(1/d)=0, so floor(4050/d) = 4049/d = floor(4049/d).

So summary: for d odd positive integer,

floor(4050/d) = floor(4049/d) if d does not divide 4049 or d>1 and d|4049, but from above:

- If d does not divide 4049, then {4049/d} < (d-1)/d is always true because r < d-1 since not divisible, so r ≤ d-2 < d-1, so yes, so floor(4050/d) = floor(4049/d)

- If d divides 4049, then:

- if d=1, floor(4050/1) =4050, floor(4049/1)=4049, so floor(4050/d) = floor(4049/d) +1

- if d>1 and d|4049, floor(4050/d) = floor(4049/d)

d is odd, so we need to check if d=1 divides 4049, yes, 4049 is odd, but 1 divides everything.

But in our sum, d is odd, so d=1 is included.

Now, back to our sum S.

We have S = sum_{d odd,1≤d≤2001} floor(4050 / d) + sum_{d odd,1≤d≤1999} [ -floor(4049 / d) - 1 ]

Now, let me denote A = sum_{d odd,1≤d≤2001} floor(4050 / d)

B = sum_{d odd,1≤d≤1999} floor(4049 / d)

C = sum_{d odd,1≤d≤1999} 1 = 1000, as before.

So S = A + [ -B - C ] = A - B - C

Now, A is sum of floor(4050 / d) for odd d from 1 to 2001

B is sum of floor(4049 / d) for odd d from 1 to 1999

Now, the ranges are different: A goes up to d=2001, B up to d=1999.

But d=2001 is odd, and 4050/2001 ≈ 2.024, floor is 2, while for d=1999, etc.

Now, from earlier, for each odd d, floor(4050 / d) and floor(4049 / d) are related.

In fact, for most d, they are equal, except when d divides 4049 and d=1.

Specifically, floor(4050 / d) - floor(4049 / d) = 1 if d|4049 and d=1, else 0? From above, only when d|4049 and d=1, they differ by 1, otherwise same.

But d=1 is odd, and in A, d=1 is included, in B, d=1 is included since 1≤1999.

But A goes up to 2001, B up to 1999, so there are d from 1999 to 2001 odd, i.e., d=1999,2001.

d=1999 and 2001 are odd.

Now, for d=1999, does it divide 4049? 4049 / 1999 ≈ 2.025, not integer, so floor(4050/1999) and floor(4049/1999) should be equal since not dividing.

4049 / 1999 ≈ 2.025, floor is 2, 4050/1999 ≈ 2.026, floor is 2, same.

d=2001, 4049 / 2001 ≈ 2.023, floor 2, 4050/2001 ≈ 2.024, floor 2, same.

Now, for d=1, floor(4050/1)=4050, floor(4049/1)=4049, differ by 1.

Now, are there other d that divide 4049? 4049 is odd, so only odd divisors.

But in B, sum is up to 1999, and 4049 might have larger divisors, but 4049 / d for d>1999 would be less than 2, but since d

...

[TRACE SLICE 3: 63%–70%]
1 to 2001, which includes d=2001, and negative d: odd integers from -1999 to -1, which excludes d=-2001, but since d=-2001 is not in range anyway.

Number of positive odd d: from 1 to 2001, step 2, number is (2001-1)/2 +1 = 2000/2 +1=1000+1=1001

Negative odd d: from -1999 to -1, step 2, ( -1 - (-1999) ) / 2 +1 = (1998)/2 +1=999+1=1000

Yes, so 1001 positive terms, 1000 negative terms, so more positive terms.

But the positive terms include larger d, so smaller floor values, while negative terms include smaller |d|, so larger negative floor values.

In our calculation, S=-997, which is negative, but since there are more positive terms but they are smaller, while negative terms are larger in magnitude.

In the small example, with j=-1,0,1, sum was positive 1350, and there were two positive d and one negative d, so sum positive.

But in original, more negative terms? No, in original, number of positive d is 1001, negative d is 1000, so one more positive term.

But in the sum, the negative terms dominate because when |d| is small, floor(4050/d) is large negative.

In particular, the d=1 and d=-1 cancel almost, but d=1 gives +4050, d=-1 gives -4050, but there are other terms.

In our calculation, we got S=-997, but let me compute the sum without floor to verify.

But without floor, sum of 4050 / d for d odd from -1999 to 2001.

But that might not help.

Note that in the sum S, for each odd d, but perhaps compute the sum for positive d and negative d separately.

But in our calculation, we have S = A - B - C, with A-B=3, C=1000, S=-997.

Now, but in the expression, S = sum_{d odd, -1999 ≤ d ≤ 2001} floor(4050 / d)

Now, since for negative d, we have floor(4050/d) = -ceil(4050 / |d|), but earlier we used the transformation.

But in our calculation, it seems consistent with the small example.

But in the original problem, j from -1000 to 1000, which corresponds to d=2j+1 from -1999 to 2001, yes.

Now, but is 2025 related? In the original, it was sum floor(2025 / (j+0.5)) , and we wrote it as floor(4050 / (2j+1)), since 2025 * 2 / (j+0.5) * 2 / 2, no.

f(j) = 2025 / (j + 0.5) = 2025 / ((2j+1)/2) = 2025 * 2 / (2j+1) = 4050 / (2j+1), yes, so n=4050.

Now, but in the sum, we have sum of floor(4050 / d) for d odd in that range.

Now, in our calculation, we got S=-997.

But is this the final answer? But in the sum, j goes from -1000 to 1000, inclusive, and d=2j+1, so when j=-1000, d=-1999, j=1000, d=2001, yes.

Now, but let me check for j=0, d=1, floor(4050/1)=4050

j=1000, d=2001, floor(4050/2001)=2, as before.

Now, for negative j, say j=-1000, d=-1999, floor(4050 / -1999) = floor(-4050/1999)

4050 / 1999 ≈ 2.026, so -2.026, floor is -3? No.

floor(-2.026) is the greatest integer less than or equal to -2.026, which is -3? No, -3 < -2.026 < -2, so greatest integer less than or equal is -3? No, -3 is less than -2.026, but -2 is greater

...

[TRACE SLICE 4: 93%–100%]
m, is there any issue with d=1 and d=-1?

In our calculation, it's included.

Now, but the sum is from j=-1000 to 1000, and d=2j+1, so j=-1000, d=-1999, j=1000, d=2001.

Now, is 2025 divisible by anything? But I think it's fine.

Now, so S=-997.

But the answer should be an integer, and it is.

Now, but let me confirm the constant C.

C is the number of negative d, which is number of odd integers from 1 to 1999, which is (1999-1)/2 +1=1998/2 +1=999+1=1000, yes.

Now, A-B=3, as computed.

Now, so S=-997.

But in the sum, j includes j=0, which is fine.

Now, but the problem is to compute the sum, and we got -997.

But is this the final answer? But in the original, it was sum of floor(2025/(j+0.5)), and we computed sum of floor(4050/(2j+1)), which is correct.

Now, but perhaps I need to box the answer.

But let me see if there is any mistake.

In the original sum, j from -1000 to 1000, inclusive, so j=-1000,-999,...,1000.

d=2j+1, when j=-1000, d=-2000+1=-1999, j=1000, d=2000+1=2001, yes.

Now, the smallest d is -1999, largest 2001.

Now, in the negative sum, d from -1999 to -1, so |d| from 1 to 1999.

But is d=-1 included? Yes, when j=-1, d=2*(-1)+1=-1.

Now, but in the floor function, no issue.

Now, so I think it's correct.

Perhaps the answer is -997.

But let me compute a small part.

For example, sum for j from -1 to 1: d=-1,1,3? j=-1, d=2*(-1)+1=-1; j=0,d=1; j=1,d=3.

So sum: floor(4050/-1)= -4050, floor(4050/1)=4050, floor(4050/3)=1350, sum= -4050+4050+1350=1350.

In our general formula, but range is small.

But anyway.

Now, for the full sum, since the asymmetry is small, but in this case, with d up to 2001 and down to -1999, the extra d=2001 contributes +2, and the missing d=-2001 would contribute floor(4050/-2001)=floor(-4050/2001)≈floor(-2.024)= -3? Since -3 < -2.024 < -2, so floor=-3.

But d=-2001 is not included, and d=2001 is included, but d=2001 contributes +2, while d=-2001 would contribute -3, but since it's not included, but in our sum, we have d=-1999 which contributes -3, but d=-1999 is different from d=-2001.

Anyway, I think our calculation is consistent.

So the sum is -997.

But in the original problem, the constant is 2025, but we used 4050, but since we derived it from there, it should be fine.

Perhaps the answer is -997.

But let me write it.

So the final answer is -997.

But in the box.

But is there any offset? j from -1000 to 1000, inclusive, so number of terms is 2001, as we have.

Now, I think it's correct.

So the answer is \boxed{-997}

But let me confirm the calculation of A-B.

A-B = sum_{d odd 1 to 1999} [floor(4050/d) - floor(4049/d)] + floor(4050/2001)

sum_{d odd 1 to 1999} [floor(4050/d) - floor(4049/d)] = 1 (only d=1)

floor(4050/2001) = floor(4050/2001)

2001 * 2 = 4002, 4050 - 4002 = 48, 48 < 2001, so yes, 2.

1 + 2 =3.

C=1000.

S=3-1000=-997.

Yes.

So I think that's the answer.",44038,yes,2.0,variable_binding_drift|repair_without_recovery,setup_search,no,0,0,none,symbolic_manipulation,1.0,recovered_break,medium,none,Let me denote the expression inside the floor as f(j) = 2025 / (j + 0.5). I need to sum floor(f(j)) for j from -1000 to 1000.,"The model introduces a new symbol f(j) without clearly defining its role in the original problem, leading to confusion and a need for later clarification."
